createAutor,2025-06-04 23:30:25
readAllAutori,2025-06-04 23:30:25
readAutor,2025-06-04 23:30:25
updateAutor,2025-06-04 23:30:25
createCarte,2025-06-04 23:30:25
readCarte,2025-06-04 23:30:25
createAutor,2025-06-04 23:34:24
readAllAutori,2025-06-04 23:34:24
readAutor,2025-06-04 23:34:24
updateAutor,2025-06-04 23:34:24
createCarte,2025-06-04 23:34:24
readCarte,2025-06-04 23:34:24
createAutor,2025-06-04 23:34:54
readAllAutori,2025-06-04 23:34:54
readAutor,2025-06-04 23:34:54
updateAutor,2025-06-04 23:34:54
createCarte,2025-06-04 23:34:54
readAllCarti,2025-06-04 23:34:54
createCititor,2025-06-04 23:34:54
readCititor,2025-06-04 23:34:54
updateCititor,2025-06-04 23:34:54
readAllCititori,2025-06-04 23:34:54
createImprumut,2025-06-04 23:34:54
readImprumut,2025-06-04 23:34:54
updateImprumut,2025-06-04 23:34:54
readAllImprumuturi,2025-06-04 23:34:54
createAutor,2025-06-04 23:35:54
readAllAutori,2025-06-04 23:35:54
readAutor,2025-06-04 23:35:54
updateAutor,2025-06-04 23:35:54
createCarte,2025-06-04 23:35:54
readCarte,2025-06-04 23:35:54
createAutor,2025-06-05 08:42:42
readAllAutori,2025-06-05 08:42:42
readAutor,2025-06-05 08:42:42
updateAutor,2025-06-05 08:42:42
createCarte,2025-06-05 08:42:42
readCarte,2025-06-05 08:42:42
createAutor,2025-06-05 09:03:15
readAllAutori,2025-06-05 09:03:15
readAutor,2025-06-05 09:03:15
updateAutor,2025-06-05 09:03:15
createCarte,2025-06-05 09:03:15
readCarte,2025-06-05 09:03:15
readAllCarti,2025-06-05 09:03:15
createCititor,2025-06-05 09:03:15
readCititor,2025-06-05 09:03:15
updateCititor,2025-06-05 09:03:15
readAllCititori,2025-06-05 09:03:15
createImprumut,2025-06-05 09:03:16
readImprumut,2025-06-05 09:03:16
updateImprumut,2025-06-05 09:03:16
readAllImprumuturi,2025-06-05 09:03:16
deleteAutor,2025-06-05 10:49:07
createAutor,2025-06-05 10:50:03
readAllAutori,2025-06-05 10:50:03
readAutor,2025-06-05 10:50:03
updateAutor,2025-06-05 10:50:03
createCarte,2025-06-05 10:50:04
readCarte,2025-06-05 10:50:04
readAllCarti,2025-06-05 10:50:04
createCititor,2025-06-05 10:50:04
readCititor,2025-06-05 10:50:04
updateCititor,2025-06-05 10:50:04
readAllCititori,2025-06-05 10:50:04
createImprumut,2025-06-05 10:50:04
readImprumut,2025-06-05 10:50:04
updateImprumut,2025-06-05 10:50:04
readAllImprumuturi,2025-06-05 10:50:04
deleteAutor,2025-06-05 10:50:04
createAutor,2025-06-05 11:08:49
readAllAutori,2025-06-05 11:08:49
readAutor,2025-06-05 11:08:49
updateAutor,2025-06-05 11:08:49
createCarte,2025-06-05 11:08:50
readCarte,2025-06-05 11:08:50
readAllCarti,2025-06-05 11:08:50
createCititor,2025-06-05 11:08:50
readCititor,2025-06-05 11:08:50
updateCititor,2025-06-05 11:08:50
readAllCititori,2025-06-05 11:08:50
createImprumut,2025-06-05 11:08:50
readImprumut,2025-06-05 11:08:50
updateImprumut,2025-06-05 11:08:50
readAllImprumuturi,2025-06-05 11:08:50
createAutor,2025-06-05 11:13:09
readAllAutori,2025-06-05 11:13:09
readAutor,2025-06-05 11:13:09
updateAutor,2025-06-05 11:13:09
createCarte,2025-06-05 11:13:09
readCarte,2025-06-05 11:13:09
readAllCarti,2025-06-05 11:13:09
createCititor,2025-06-05 11:13:09
readCititor,2025-06-05 11:13:09
updateCititor,2025-06-05 11:13:09
readAllCititori,2025-06-05 11:13:09
createImprumut,2025-06-05 11:13:09
readImprumut,2025-06-05 11:13:09
updateImprumut,2025-06-05 11:13:09
readAllImprumuturi,2025-06-05 11:13:09
createAutor,2025-06-05 11:14:19
readAllAutori,2025-06-05 11:14:19
readAutor,2025-06-05 11:14:19
updateAutor,2025-06-05 11:14:19
createCarte,2025-06-05 11:14:19
readCarte,2025-06-05 11:14:19
readAllCarti,2025-06-05 11:14:19
createCititor,2025-06-05 11:14:19
readCititor,2025-06-05 11:14:19
updateCititor,2025-06-05 11:14:19
readAllCititori,2025-06-05 11:14:19
createImprumut,2025-06-05 11:14:19
readImprumut,2025-06-05 11:14:19
updateImprumut,2025-06-05 11:14:19
readAllImprumuturi,2025-06-05 11:14:19
